{
  "_format": "hh-sol-cache-2",
  "files": {
    "/home/shkwon/Projects/EduMeta/node_modules/@kaiachain/contracts/security/Pausable.sol": {
      "lastModificationDate": 1727855987771,
      "contentHash": "9c2dccab8e3a43a18c41e358763fe4d8",
      "sourceName": "@kaiachain/contracts/security/Pausable.sol",
      "solcConfig": {
        "version": "0.8.17",
        "settings": {
          "optimizer": {
            "enabled": false,
            "runs": 200
          },
          "outputSelection": {
            "*": {
              "*": [
                "abi",
                "evm.bytecode",
                "evm.deployedBytecode",
                "evm.methodIdentifiers",
                "metadata"
              ],
              "": [
                "ast"
              ]
            }
          }
        }
      },
      "imports": [
        "../utils/Context.sol"
      ],
      "versionPragmas": [
        "^0.8.0"
      ],
      "artifacts": [
        "Pausable"
      ]
    },
    "/home/shkwon/Projects/EduMeta/node_modules/@kaiachain/contracts/access/Ownable.sol": {
      "lastModificationDate": 1727855987770,
      "contentHash": "8398972af73b4e9e5ff3b31cad86234f",
      "sourceName": "@kaiachain/contracts/access/Ownable.sol",
      "solcConfig": {
        "version": "0.8.17",
        "settings": {
          "optimizer": {
            "enabled": false,
            "runs": 200
          },
          "outputSelection": {
            "*": {
              "*": [
                "abi",
                "evm.bytecode",
                "evm.deployedBytecode",
                "evm.methodIdentifiers",
                "metadata"
              ],
              "": [
                "ast"
              ]
            }
          }
        }
      },
      "imports": [
        "../utils/Context.sol"
      ],
      "versionPragmas": [
        "^0.8.0"
      ],
      "artifacts": [
        "Ownable"
      ]
    },
    "/home/shkwon/Projects/EduMeta/node_modules/@kaiachain/contracts/KIP/token/KIP7/KIP7.sol": {
      "lastModificationDate": 1727855987274,
      "contentHash": "2655a6e8a8a9d296052fc9ba7b523ddb",
      "sourceName": "@kaiachain/contracts/KIP/token/KIP7/KIP7.sol",
      "solcConfig": {
        "version": "0.8.17",
        "settings": {
          "optimizer": {
            "enabled": false,
            "runs": 200
          },
          "outputSelection": {
            "*": {
              "*": [
                "abi",
                "evm.bytecode",
                "evm.deployedBytecode",
                "evm.methodIdentifiers",
                "metadata"
              ],
              "": [
                "ast"
              ]
            }
          }
        }
      },
      "imports": [
        "../../../utils/Context.sol",
        "../../utils/introspection/KIP13.sol",
        "./IKIP7.sol",
        "./extensions/IKIP7Metadata.sol",
        "../../../utils/Address.sol",
        "./IKIP7Receiver.sol"
      ],
      "versionPragmas": [
        "^0.8.0"
      ],
      "artifacts": [
        "KIP7"
      ]
    },
    "/home/shkwon/Projects/EduMeta/node_modules/@kaiachain/contracts/KIP/token/KIP7/extensions/KIP7Burnable.sol": {
      "lastModificationDate": 1727855987274,
      "contentHash": "43d20b00df2fd5f36412f50652fd9202",
      "sourceName": "@kaiachain/contracts/KIP/token/KIP7/extensions/KIP7Burnable.sol",
      "solcConfig": {
        "version": "0.8.17",
        "settings": {
          "optimizer": {
            "enabled": false,
            "runs": 200
          },
          "outputSelection": {
            "*": {
              "*": [
                "abi",
                "evm.bytecode",
                "evm.deployedBytecode",
                "evm.methodIdentifiers",
                "metadata"
              ],
              "": [
                "ast"
              ]
            }
          }
        }
      },
      "imports": [
        "../../../../utils/Context.sol",
        "../KIP7.sol",
        "./IKIP7Burnable.sol"
      ],
      "versionPragmas": [
        "^0.8.0"
      ],
      "artifacts": [
        "KIP7Burnable"
      ]
    },
    "/home/shkwon/Projects/EduMeta/node_modules/@kaiachain/contracts/utils/Context.sol": {
      "lastModificationDate": 1727855983345,
      "contentHash": "5f2c5c4b6af2dd4551027144797bc8be",
      "sourceName": "@kaiachain/contracts/utils/Context.sol",
      "solcConfig": {
        "version": "0.8.17",
        "settings": {
          "optimizer": {
            "enabled": false,
            "runs": 200
          },
          "outputSelection": {
            "*": {
              "*": [
                "abi",
                "evm.bytecode",
                "evm.deployedBytecode",
                "evm.methodIdentifiers",
                "metadata"
              ],
              "": [
                "ast"
              ]
            }
          }
        }
      },
      "imports": [],
      "versionPragmas": [
        "^0.8.0"
      ],
      "artifacts": [
        "Context"
      ]
    },
    "/home/shkwon/Projects/EduMeta/node_modules/@kaiachain/contracts/utils/Address.sol": {
      "lastModificationDate": 1727855983280,
      "contentHash": "ad714a6368ee7d43cded6bbe8af0b155",
      "sourceName": "@kaiachain/contracts/utils/Address.sol",
      "solcConfig": {
        "version": "0.8.17",
        "settings": {
          "optimizer": {
            "enabled": false,
            "runs": 200
          },
          "outputSelection": {
            "*": {
              "*": [
                "abi",
                "evm.bytecode",
                "evm.deployedBytecode",
                "evm.methodIdentifiers",
                "metadata"
              ],
              "": [
                "ast"
              ]
            }
          }
        }
      },
      "imports": [],
      "versionPragmas": [
        "^0.8.1"
      ],
      "artifacts": [
        "Address"
      ]
    },
    "/home/shkwon/Projects/EduMeta/node_modules/@kaiachain/contracts/KIP/utils/introspection/KIP13.sol": {
      "lastModificationDate": 1727855986780,
      "contentHash": "67a1996957f01f73c6f79cf4b3a6ff78",
      "sourceName": "@kaiachain/contracts/KIP/utils/introspection/KIP13.sol",
      "solcConfig": {
        "version": "0.8.17",
        "settings": {
          "optimizer": {
            "enabled": false,
            "runs": 200
          },
          "outputSelection": {
            "*": {
              "*": [
                "abi",
                "evm.bytecode",
                "evm.deployedBytecode",
                "evm.methodIdentifiers",
                "metadata"
              ],
              "": [
                "ast"
              ]
            }
          }
        }
      },
      "imports": [
        "../../interfaces/IKIP13.sol"
      ],
      "versionPragmas": [
        "^0.8.0"
      ],
      "artifacts": [
        "KIP13"
      ]
    },
    "/home/shkwon/Projects/EduMeta/node_modules/@kaiachain/contracts/KIP/token/KIP7/IKIP7.sol": {
      "lastModificationDate": 1727855986295,
      "contentHash": "d4b9b30cadafa6ddd5c9e8fbdd1341f7",
      "sourceName": "@kaiachain/contracts/KIP/token/KIP7/IKIP7.sol",
      "solcConfig": {
        "version": "0.8.17",
        "settings": {
          "optimizer": {
            "enabled": false,
            "runs": 200
          },
          "outputSelection": {
            "*": {
              "*": [
                "abi",
                "evm.bytecode",
                "evm.deployedBytecode",
                "evm.methodIdentifiers",
                "metadata"
              ],
              "": [
                "ast"
              ]
            }
          }
        }
      },
      "imports": [],
      "versionPragmas": [
        "^0.8.0"
      ],
      "artifacts": [
        "IKIP7"
      ]
    },
    "/home/shkwon/Projects/EduMeta/node_modules/@kaiachain/contracts/KIP/token/KIP7/IKIP7Receiver.sol": {
      "lastModificationDate": 1727855986332,
      "contentHash": "272494dd75f89d282322f7e979e92cf5",
      "sourceName": "@kaiachain/contracts/KIP/token/KIP7/IKIP7Receiver.sol",
      "solcConfig": {
        "version": "0.8.17",
        "settings": {
          "optimizer": {
            "enabled": false,
            "runs": 200
          },
          "outputSelection": {
            "*": {
              "*": [
                "abi",
                "evm.bytecode",
                "evm.deployedBytecode",
                "evm.methodIdentifiers",
                "metadata"
              ],
              "": [
                "ast"
              ]
            }
          }
        }
      },
      "imports": [],
      "versionPragmas": [
        "^0.8.0"
      ],
      "artifacts": [
        "IKIP7Receiver"
      ]
    },
    "/home/shkwon/Projects/EduMeta/node_modules/@kaiachain/contracts/KIP/token/KIP7/extensions/IKIP7Metadata.sol": {
      "lastModificationDate": 1727855986302,
      "contentHash": "c71f8f8b1f9230b33557ccbe68852a80",
      "sourceName": "@kaiachain/contracts/KIP/token/KIP7/extensions/IKIP7Metadata.sol",
      "solcConfig": {
        "version": "0.8.17",
        "settings": {
          "optimizer": {
            "enabled": false,
            "runs": 200
          },
          "outputSelection": {
            "*": {
              "*": [
                "abi",
                "evm.bytecode",
                "evm.deployedBytecode",
                "evm.methodIdentifiers",
                "metadata"
              ],
              "": [
                "ast"
              ]
            }
          }
        }
      },
      "imports": [
        "../IKIP7.sol"
      ],
      "versionPragmas": [
        "^0.8.0"
      ],
      "artifacts": [
        "IKIP7Metadata"
      ]
    },
    "/home/shkwon/Projects/EduMeta/node_modules/@kaiachain/contracts/KIP/interfaces/IKIP13.sol": {
      "lastModificationDate": 1727855986278,
      "contentHash": "25927cee30adfc527fbecfa0a048b306",
      "sourceName": "@kaiachain/contracts/KIP/interfaces/IKIP13.sol",
      "solcConfig": {
        "version": "0.8.17",
        "settings": {
          "optimizer": {
            "enabled": false,
            "runs": 200
          },
          "outputSelection": {
            "*": {
              "*": [
                "abi",
                "evm.bytecode",
                "evm.deployedBytecode",
                "evm.methodIdentifiers",
                "metadata"
              ],
              "": [
                "ast"
              ]
            }
          }
        }
      },
      "imports": [
        "../utils/introspection/IKIP13.sol"
      ],
      "versionPragmas": [
        "^0.8.0"
      ],
      "artifacts": []
    },
    "/home/shkwon/Projects/EduMeta/node_modules/@kaiachain/contracts/KIP/utils/introspection/IKIP13.sol": {
      "lastModificationDate": 1727855986280,
      "contentHash": "c260f9c9edaaab3f1407e65b1c3fb0f2",
      "sourceName": "@kaiachain/contracts/KIP/utils/introspection/IKIP13.sol",
      "solcConfig": {
        "version": "0.8.17",
        "settings": {
          "optimizer": {
            "enabled": false,
            "runs": 200
          },
          "outputSelection": {
            "*": {
              "*": [
                "abi",
                "evm.bytecode",
                "evm.deployedBytecode",
                "evm.methodIdentifiers",
                "metadata"
              ],
              "": [
                "ast"
              ]
            }
          }
        }
      },
      "imports": [],
      "versionPragmas": [
        "^0.8.0"
      ],
      "artifacts": [
        "IKIP13"
      ]
    },
    "/home/shkwon/Projects/EduMeta/node_modules/@kaiachain/contracts/KIP/token/KIP7/extensions/IKIP7Burnable.sol": {
      "lastModificationDate": 1727855986300,
      "contentHash": "419aab173a0b84cecdf40f832bf77eaf",
      "sourceName": "@kaiachain/contracts/KIP/token/KIP7/extensions/IKIP7Burnable.sol",
      "solcConfig": {
        "version": "0.8.17",
        "settings": {
          "optimizer": {
            "enabled": false,
            "runs": 200
          },
          "outputSelection": {
            "*": {
              "*": [
                "abi",
                "evm.bytecode",
                "evm.deployedBytecode",
                "evm.methodIdentifiers",
                "metadata"
              ],
              "": [
                "ast"
              ]
            }
          }
        }
      },
      "imports": [],
      "versionPragmas": [
        "^0.8.0"
      ],
      "artifacts": [
        "IKIP7Burnable"
      ]
    },
    "/home/shkwon/Projects/EduMeta/contracts/EduMetaToken.sol": {
      "lastModificationDate": 1728273715632,
      "contentHash": "ea90a87166627235bcbb41c8769c0c1e",
      "sourceName": "contracts/EduMetaToken.sol",
      "solcConfig": {
        "version": "0.8.17",
        "settings": {
          "optimizer": {
            "enabled": false,
            "runs": 200
          },
          "outputSelection": {
            "*": {
              "*": [
                "abi",
                "evm.bytecode",
                "evm.deployedBytecode",
                "evm.methodIdentifiers",
                "metadata"
              ],
              "": [
                "ast"
              ]
            }
          }
        }
      },
      "imports": [
        "@kaiachain/contracts/KIP/token/KIP7/KIP7.sol",
        "@kaiachain/contracts/KIP/token/KIP7/extensions/KIP7Burnable.sol",
        "@kaiachain/contracts/security/Pausable.sol",
        "@kaiachain/contracts/access/Ownable.sol"
      ],
      "versionPragmas": [
        "^0.8.4"
      ],
      "artifacts": [
        "EduMetaToken"
      ]
    }
  }
}
